<?xml version="1.0" encoding="UTF-8"?>
<project-private xmlns="http://www.netbeans.org/ns/project-private/1">
    <editor-bookmarks xmlns="http://www.netbeans.org/ns/editor-bookmarks/2" lastBookmarkId="0"/>
    <open-files xmlns="http://www.netbeans.org/ns/projectui-open-files/2">
        <group>
            <file>file:/Users/saitarunreddylakkireddy/Downloads/Info5100-University-Example/src/info5100/university/example/Campus/Building.java</file>
            <file>file:/Users/saitarunreddylakkireddy/Downloads/Info5100-University-Example/src/info5100/university/example/Campus/Campus.java</file>
            <file>file:/Users/saitarunreddylakkireddy/Downloads/Info5100-University-Example/src/info5100/university/example/CourseSchedule/CourseSchedule.java</file>
            <file>file:/Users/saitarunreddylakkireddy/Downloads/Info5100-University-Example/src/info5100/university/example/CourseSchedule/CourseLoad.java</file>
            <file>file:/Users/saitarunreddylakkireddy/Downloads/Info5100-University-Example/src/info5100/university/example/Campus/Sprinkler.java</file>
            <file>file:/Users/saitarunreddylakkireddy/Downloads/Info5100-University-Example/src/info5100/university/example/Persona/Person.java</file>
            <file>file:/Users/saitarunreddylakkireddy/Downloads/Info5100-University-Example/src/info5100/university/example/Campus/Address.java</file>
            <file>file:/Users/saitarunreddylakkireddy/Downloads/Info5100-University-Example/src/info5100/university/example/CourseSchedule/Seat.java</file>
            <file>file:/Users/saitarunreddylakkireddy/Downloads/Info5100-University-Example/src/info5100/university/example/Campus/Seat.java</file>
            <file>file:/Users/saitarunreddylakkireddy/Downloads/Info5100-University-Example/src/info5100/university/example/CourseSchedule/SeatAssignment.java</file>
            <file>file:/Users/saitarunreddylakkireddy/Downloads/Info5100-University-Example/src/info5100/university/example/Persona/Faculty/FacultyAssignment.java</file>
            <file>file:/Users/saitarunreddylakkireddy/Downloads/Info5100-University-Example/src/info5100/university/example/Info5001UniversityExample.java</file>
            <file>file:/Users/saitarunreddylakkireddy/Downloads/Info5100-University-Example/src/info5100/university/example/CourseCatalog/Course.java</file>
            <file>file:/Users/saitarunreddylakkireddy/Downloads/Info5100-University-Example/src/info5100/university/example/CourseCatalog/CourseCatalog.java</file>
            <file>file:/Users/saitarunreddylakkireddy/Downloads/Info5100-University-Example/src/info5100/university/example/Persona/Transcript.java</file>
            <file>file:/Users/saitarunreddylakkireddy/Downloads/Info5100-University-Example/src/info5100/university/example/CourseSchedule/CourseOffer.java</file>
            <file>file:/Users/saitarunreddylakkireddy/Downloads/Info5100-University-Example/src/info5100/university/example/Persona/Faculty/FacultyProfile.java</file>
            <file>file:/Users/saitarunreddylakkireddy/Downloads/Info5100-University-Example/src/info5100/university/example/Campus/CampusMainExample.java</file>
            <file>file:/Users/saitarunreddylakkireddy/Downloads/Info5100-University-Example/src/info5100/university/example/Department/DepartmentAccount.java</file>
            <file>file:/Users/saitarunreddylakkireddy/Downloads/Info5100-University-Example/src/info5100/university/example/Campus/Floor.java</file>
            <file>file:/Users/saitarunreddylakkireddy/Downloads/Info5100-University-Example/src/info5100/university/example/Campus/Classroom.java</file>
            <file>file:/Users/saitarunreddylakkireddy/Downloads/Info5100-University-Example/src/info5100/university/example/Department/Department.java</file>
        </group>
    </open-files>
</project-private>
